{
  "metadata": {
    "text_path": "data/wikitext2_small_all.txt",
    "steps": 180,
    "batch_size": 16,
    "block_size": 96,
    "device": "cpu",
    "seed": 42,
    "config_template": {
      "vocab_size": 256,
      "block_size": 96,
      "n_layers": 3,
      "n_heads": 4,
      "n_kv_heads": 2,
      "d_model": 128,
      "mlp_hidden_mult": 4,
      "dropout": 0.1,
      "attention_type": "mha",
      "kv_latent_dim": 64,
      "moe_num_experts": 4,
      "moe_top_k": 1,
      "moe_every": 2,
      "use_moe": true
    }
  },
  "rows": [
    {
      "variant": "mha",
      "attention_type": "mha",
      "kv_latent_dim": 64,
      "n_kv_heads": 2,
      "val_loss": 2.5093146085739138,
      "perplexity_proxy": 12.29649829864502,
      "train_tokens_per_sec": 48977.18085066793,
      "decode_tokens_per_sec_no_cache": 531.4571184462253,
      "decode_tokens_per_sec_cache": 2113.0170500181907,
      "decode_cache_speedup": 3.9758937770855978,
      "runtime_kv_cache_mb": 0.28125,
      "param_count_m": 1.411976,
      "peak_mem_mb": 5.386260986328125
    },
    {
      "variant": "mqa",
      "attention_type": "mqa",
      "kv_latent_dim": 64,
      "n_kv_heads": 1,
      "val_loss": 2.5211026191711428,
      "perplexity_proxy": 12.44230842590332,
      "train_tokens_per_sec": 50418.00430741554,
      "decode_tokens_per_sec_no_cache": 527.3951308074285,
      "decode_tokens_per_sec_cache": 2167.917641539788,
      "decode_cache_speedup": 4.11061368393895,
      "runtime_kv_cache_mb": 0.0703125,
      "param_count_m": 1.338248,
      "peak_mem_mb": 5.105010986328125
    },
    {
      "variant": "gqa",
      "attention_type": "gqa",
      "kv_latent_dim": 64,
      "n_kv_heads": 2,
      "val_loss": 2.488894689083099,
      "perplexity_proxy": 12.047952651977539,
      "train_tokens_per_sec": 47687.13835389868,
      "decode_tokens_per_sec_no_cache": 488.4629254867194,
      "decode_tokens_per_sec_cache": 2011.101194928759,
      "decode_cache_speedup": 4.117203353611405,
      "runtime_kv_cache_mb": 0.140625,
      "param_count_m": 1.362824,
      "peak_mem_mb": 5.198760986328125
    },
    {
      "variant": "mla",
      "attention_type": "mla",
      "kv_latent_dim": 64,
      "n_kv_heads": 2,
      "val_loss": 2.502710449695587,
      "perplexity_proxy": 12.215557098388672,
      "train_tokens_per_sec": 45976.60149669034,
      "decode_tokens_per_sec_no_cache": 518.3349739584801,
      "decode_tokens_per_sec_cache": 2051.4519099206027,
      "decode_cache_speedup": 3.957772508101931,
      "runtime_kv_cache_mb": 0.0703125,
      "param_count_m": 1.387784,
      "peak_mem_mb": 5.293975830078125
    },
    {
      "variant": "mla_lat32",
      "attention_type": "mla",
      "kv_latent_dim": 32,
      "n_kv_heads": 2,
      "val_loss": 2.5063979506492613,
      "perplexity_proxy": 12.260686874389648,
      "train_tokens_per_sec": 47480.836007351165,
      "decode_tokens_per_sec_no_cache": 477.38354196640097,
      "decode_tokens_per_sec_cache": 2139.1705117691085,
      "decode_cache_speedup": 4.481031128466651,
      "runtime_kv_cache_mb": 0.03515625,
      "param_count_m": 1.350728,
      "peak_mem_mb": 5.152618408203125
    }
  ]
}